time,fN,type,posX,posY,velX,velY,accX,accY,posZ,velZ,accZ,tid
2021-12-19 21:25:28.298698,233,v6,0.06999999843537807,0.6599999852478504,0.06972000186215155,0.505750024021836,7.239999838173389,0.3093244614670686,0.39856012475792585,0.03537359593174314
2021-12-19 21:25:28.298698,233,v6,0.03999999910593033,0.669999985024333,0.06972000186215155,0.5690000270260498,7.1199998408555984,0.35305840159848634,0.4456378063039964,0.02275393172462983
2021-12-19 21:25:28.494988,235,v6,0.06999999843537807,0.25999999418854713,0.06972000186215155,0.7587500360386912,9.359999790787697,0.19458217219171337,0.7314527067268813,0.05306913675375207
2021-12-19 21:25:28.494988,235,v6,0.2199999950826168,0.2699999939650297,0.06972000186215155,0.822000039042905,7.759999826550484,0.21396868434105878,0.7731252007740063,0.17938475474812848
2021-12-19 21:25:28.690819,237,v6,-0.1099999975413084,0.24999999441206455,0.13916000371682458,0.822000039042905,5.759999871253967,0.20213693522713208,0.7916324079200426,-0.09023776556539187
2021-12-19 21:25:28.690819,237,v6,0.2799999937415123,0.549999987706542,-0.06972000186215155,0.6955000330344774,11.999999731779099,0.34937150162973746,0.5698394071624379,0.19220535852234416
2021-12-19 21:25:28.690819,237,v6,0.2799999937415123,0.5599999874830246,-0.06972000186215155,0.6955000330344774,12.519999720156193,0.3550523321725099,0.5663172587208676,0.19220535852234416
2021-12-19 21:25:28.690819,237,v6,0.2799999937415123,0.5699999872595072,-0.06972000186215155,0.6322500300302636,17.759999603033066,0.3278951748829715,0.5115620465354148,0.1747258633008657
2021-12-19 21:25:28.690819,237,v6,0.2799999937415123,0.5699999872595072,-0.06972000186215155,0.6955000330344774,11.519999742507935,0.3606976577795282,0.5627384790278862,0.19220535852234416
2021-12-19 21:25:28.690819,237,v6,0.2799999937415123,0.5799999870359898,-0.06972000186215155,0.5690000270260498,17.23999961465597,0.29968171678240835,0.4574117172830575,0.15724636807938724
2021-12-19 21:25:28.690819,237,v6,0.2799999937415123,0.5799999870359898,-0.06972000186215155,0.6322500300302636,19.119999572634697,0.3329943153526848,0.5082575716207611,0.1747258633008657
2021-12-19 21:25:28.690819,237,v6,0.2799999937415123,0.5799999870359898,-0.06972000186215155,0.6955000330344774,9.519999787211418,0.36630691392296133,0.5591034259584649,0.19220535852234416
2021-12-19 21:25:28.690819,237,v6,0.24999999441206455,0.5899999868124723,-0.06972000186215155,0.4425000210176222,5.759999871253967,0.2385363164017293,0.3562606405410366,0.10947625477417686
2021-12-19 21:25:28.690819,237,v6,0.24999999441206455,0.5899999868124723,-0.06972000186215155,0.505750024021836,10.99999975413084,0.2726321853563267,0.4071837716466198,0.12512455559783037
2021-12-19 21:25:28.690819,237,v6,0.2799999937415123,0.5999999865889549,-0.06972000186215155,0.5690000270260498,18.23999959230423,0.3087694067107134,0.4513270033589851,0.15724636807938724
2021-12-19 21:25:28.690819,237,v6,0.2799999937415123,0.5999999865889549,-0.06972000186215155,0.6322500300302636,17.879999600350857,0.34309219225456683,0.5014964813246368,0.1747258633008657
2021-12-19 21:25:28.690819,237,v6,0.2799999937415123,0.6099999863654375,-0.06972000186215155,0.5690000270260498,16.99999962002039,0.31326716308164587,0.44821679466109343,0.15724636807938724
2021-12-19 21:25:28.690819,237,v6,0.2799999937415123,0.6099999863654375,-0.06972000186215155,0.6322500300302636,14.879999667406082,0.34808991890750546,0.49804054204653125,0.1747258633008657
2021-12-19 21:25:28.795065,238,v6,0.19999999552965164,0.3299999926239252,0.27832000743364915,1.5807500750815962,5.519999876618385,0.5020205135167182,1.4656469447485079,0.3140465526450596
2021-12-19 21:25:28.795065,238,v6,0.03999999910593033,0.4399999901652336,-0.06972000186215155,0.505750024021836,8.999999798834324,0.2152465780611432,0.4572121638059622,0.020224606273693387
2021-12-19 21:25:28.795065,238,v6,0.019999999552965164,0.46999998949468136,-0.06972000186215155,0.5690000270260498,13.759999692440033,0.25764076655061535,0.5072009256957999,0.01137924163467952
2021-12-19 21:25:28.795065,238,v6,-0.029999999329447746,0.4899999890476465,0.20888000557897612,0.6322500300302636,10.99999975413084,0.29741933691589545,0.5576039637092817,-0.01896465548003474
2021-12-19 21:25:28.795065,238,v6,-0.18999999575316906,0.5299999881535769,-0.06972000186215155,0.6955000330344774,5.119999885559082,0.3452711656706474,0.5892834098072126,-0.13135136479449355
2021-12-19 21:25:28.900070,239,v6,-0.08999999798834324,0.2299999948590994,0.13916000371682458,0.822000039042905,10.239999771118164,0.18663908133288162,0.7971145702403865,-0.07388016930299529
2021-12-19 21:25:28.900070,239,v6,-0.08999999798834324,0.23999999463558197,0.13916000371682458,0.7587500360386912,7.1199998408555984,0.1796269200313155,0.7340198777289871,-0.06819535092292905
2021-12-19 21:25:28.900070,239,v6,-0.08999999798834324,0.24999999441206455,0.13916000371682458,0.7587500360386912,8.359999813139439,0.18695801503775694,0.7321869378200867,-0.06819535092292905
2021-12-19 21:25:28.900070,239,v6,-0.1099999975413084,0.25999999418854713,0.13916000371682458,0.7587500360386912,9.119999796152115,0.19388095103489456,0.7288167503728535,-0.08329428786221542
2021-12-19 21:25:28.900070,239,v6,0.2199999950826168,0.46999998949468136,-0.06972000186215155,0.5690000270260498,7.239999838173389,0.25148126177039304,0.49507510194444604,0.12417265870034686
2021-12-19 21:25:29.094915,241,v6,-0.18999999575316906,0.2299999948590994,0.13916000371682458,0.822000039042905,6.6399998515844345,0.18402516740872354,0.7859508372246606,-0.15524201561620948
2021-12-19 21:25:29.094915,241,v6,-0.1599999964237213,0.24999999441206455,0.13916000371682458,0.7587500360386912,5.119999885559082,0.18532009325970417,0.7257723161692359,-0.12088269233133599
2021-12-19 21:25:29.094915,241,v6,0.3199999928474426,0.8499999810010195,0.06972000186215155,1.327750063064741,5.519999876618385,0.9468742813794123,0.8318080528281384,0.41766576168140207
2021-12-19 21:25:29.094915,241,v6,0.3199999928474426,0.8799999803304672,0.06972000186215155,1.2645000600605272,5.879999868571758,0.9251242168292817,0.7647777905406025,0.3977694262068408
2021-12-19 21:25:29.288697,243,v6,-0.05999999865889549,0.19999999552965164,-0.13916000371682458,0.822000039042905,10.87999975681305,0.16301233110736166,0.8041650944459773,-0.04929041456686821
2021-12-19 21:25:29.288697,243,v6,-0.009999999776482582,0.19999999552965164,-0.13916000371682458,0.8852500420471188,8.759999804198742,0.17586323603350365,0.8675606001935823,-0.00885235268167631
2021-12-19 21:25:29.288697,243,v6,-0.029999999329447746,0.20999999530613422,-0.13916000371682458,0.822000039042905,11.999999731779099,0.17127693850633519,0.8035797043882091,-0.024656301786616937
2021-12-19 21:25:29.288697,243,v6,-0.009999999776482582,0.20999999530613422,-0.13916000371682458,0.8852500420471188,8.359999813139439,0.18452990416069137,0.8657586195163584,-0.00885235268167631
2021-12-19 21:25:29.288697,243,v6,-0.1099999975413084,0.2199999950826168,-0.13916000371682458,0.7587500360386912,6.9999998435378075,0.16458097102014532,0.7359869447050726,-0.08329428786221542
2021-12-19 21:25:29.288697,243,v6,-0.029999999329447746,0.2199999950826168,-0.13916000371682458,0.822000039042905,11.759999737143517,0.17930403766615374,0.8018267849388414,-0.024656301786616937
2021-12-19 21:25:29.288697,243,v6,-0.029999999329447746,0.2299999948590994,-0.13916000371682458,0.822000039042905,10.239999771118164,0.18731320657242678,0.7999936834827509,-0.024656301786616937
2021-12-19 21:25:29.288697,243,v6,-0.029999999329447746,0.23999999463558197,-0.13916000371682458,0.822000039042905,8.359999813139439,0.19530364431497377,0.7980805833285476,-0.024656301786616937
2021-12-19 21:25:29.393987,244,v6,0.03999999910593033,0.12999999709427357,-0.13916000371682458,0.6322500300302636,6.8799998462200165,0.08189562853660279,0.6264135721761288,0.025283257175566277
2021-12-19 21:25:29.393987,244,v6,0.03999999910593033,0.13999999687075615,-0.13916000371682458,0.6322500300302636,8.639999806880951,0.088155564969496,0.6255633091420663,0.025283257175566277
2021-12-19 21:25:29.393987,244,v6,0.03999999910593033,0.14999999664723873,-0.13916000371682458,0.6322500300302636,9.63999978452921,0.09440668591974906,0.6246504903011869,0.025283257175566277
2021-12-19 21:25:29.393987,244,v6,0.11999999731779099,0.14999999664723873,-0.13916000371682458,0.6955000330344774,9.999999776482582,0.10318679494936049,0.6827448864428626,0.08325984227201248
2021-12-19 21:25:29.393987,244,v6,0.03999999910593033,0.1599999964237213,-0.13916000371682458,0.6322500300302636,8.999999798834324,0.10064836628050415,0.6236752069346102,0.025283257175566277
2021-12-19 21:25:29.393987,244,v6,0.11999999731779099,0.1599999964237213,-0.13916000371682458,0.6955000330344774,11.639999739825726,0.11000897057442345,0.6816788987558251,0.08325984227201248
2021-12-19 21:25:29.393987,244,v6,0.11999999731779099,0.1699999962002039,-0.13916000371682458,0.6955000330344774,11.759999737143517,0.11682014539459455,0.680544743750023,0.08325984227201248
2021-12-19 21:25:29.393987,244,v6,0.2199999950826168,0.23999999463558197,-0.13916000371682458,0.7587500360386912,7.239999838173389,0.17600981195208978,0.7192390796749821,0.1655817307361831
2021-12-19 21:25:29.497656,245,v6,0.3199999928474426,0.1099999975413084,-0.13916000371682458,0.6322500300302636,6.359999857842922,0.06588389839789104,0.5965268504425729,0.1988847131034204
2021-12-19 21:25:29.497656,245,v6,0.3199999928474426,0.11999999731779099,-0.13916000371682458,0.6322500300302636,7.1199998408555984,0.07184577318102356,0.5958381963612776,0.1988847131034204
2021-12-19 21:25:29.497656,245,v6,0.3199999928474426,0.12999999709427357,-0.13916000371682458,0.6322500300302636,6.9999998435378075,0.07780046344703043,0.5950899589595398,0.1988847131034204
2021-12-19 21:25:29.497656,245,v6,0.24999999441206455,0.3799999915063381,-0.13916000371682458,1.5175000720773824,5.879999868571758,0.5453735058858257,1.3654385302232597,0.375435517784889
2021-12-19 21:25:29.497656,245,v6,0.24999999441206455,0.4599999897181988,0.06972000186215155,0.6322500300302636,5.639999873936176,0.2719603443646391,0.5489172006162933,0.15642115724513744
2021-12-19 21:25:29.497656,245,v6,0.3199999928474426,0.4899999890476465,-0.904680024163099,0.6955000330344774,4.999999888241291,0.3107040358895127,0.5825102152031726,0.21878104857798164
2021-12-19 21:25:29.589023,246,v6,0.3199999928474426,0.17999999597668648,0.13916000371682458,0.505750024021836,5.639999873936176,0.08594777034460713,0.47231958427959925,0.15909204215429795
2021-12-19 21:25:29.589023,246,v6,0.3199999928474426,0.18999999575316906,0.13916000371682458,0.505750024021836,6.8799998462200165,0.09066659000978596,0.47143650513856067,0.15909204215429795
2021-12-19 21:25:29.589023,246,v6,0.3199999928474426,0.19999999552965164,0.13916000371682458,0.505750024021836,7.759999826550484,0.09537634309192435,0.4705062827419782,0.15909204215429795
2021-12-19 21:25:29.589023,246,v6,0.3199999928474426,0.20999999530613422,0.13916000371682458,0.505750024021836,7.639999829232693,0.10007655861965993,0.46952901011131204,0.15909204215429795
2021-12-19 21:25:29.589023,246,v6,0.3199999928474426,0.2199999950826168,0.13916000371682458,0.505750024021836,6.6399998515844345,0.10476676657537776,0.4685047849730065,0.15909204215429795
2021-12-19 21:25:29.589023,246,v6,0.14999999664723873,0.2299999948590994,-0.13916000371682458,0.6955000330344774,5.359999880194664,0.15677793214988997,0.6695809533371245,0.1039342237663374
2021-12-19 21:25:29.589023,246,v6,0.3199999928474426,0.8799999803304672,0.06972000186215155,0.6322500300302636,6.7599998489022255,0.46256210841464085,0.38238889527030123,0.1988847131034204
2021-12-19 21:25:29.691449,247,v6,0.3199999928474426,0.4599999897181988,0.06972000186215155,1.3910000660689548,4.999999888241291,0.5861830893558071,1.183135656080736,0.4375620971559633
2021-12-19 21:25:29.796847,248,v6,0.19999999552965164,0.5699999872595072,0.13916000371682458,0.6322500300302636,5.879999868571758,0.3343814402797941,0.5216815220719325,0.12560868759123134
2021-12-19 21:25:29.796847,248,v6,0.19999999552965164,0.5799999870359898,-0.06972000186215155,0.5690000270260498,5.119999885559082,0.3056098770559466,0.46646001692629924,0.11304285209871194
2021-12-19 21:25:29.993340,250,v6,0.29999999329447746,0.42999999038875103,-0.06972000186215155,1.64400007808581,6.239999860525131,0.65472612394133,1.4275973124222148,0.48583523229566256
2021-12-19 21:25:29.993340,250,v6,0.1699999962002039,0.4499999899417162,-0.06972000186215155,1.5807500750815962,5.759999871253967,0.6776602792622817,1.4028634516030933,0.26743500507019224
2021-12-19 21:25:30.099264,251,v6,0.3199999928474426,0.1699999962002039,0.20888000557897612,0.5690000270260498,7.999999821186066,0.09137791903002299,0.532329096840645,0.17898837762885916
2021-12-19 21:25:30.099264,251,v6,0.2199999950826168,0.1699999962002039,0.13916000371682458,0.6955000330344774,6.6399998515844345,0.11483026828373252,0.668952561563197,0.15177870672423768
2021-12-19 21:25:30.099264,251,v6,0.3199999928474426,0.18999999575316906,0.20888000557897612,0.6322500300302636,9.63999978452921,0.11334444198455199,0.5893538910011962,0.1988847131034204
2021-12-19 21:25:30.099264,251,v6,0.2199999950826168,0.17999999597668648,0.13916000371682458,0.6955000330344774,8.239999815821648,0.12151394079300155,0.6677708306964537,0.15177870672423768
2021-12-19 21:25:30.099264,251,v6,0.2199999950826168,0.18999999575316906,0.13916000371682458,0.6955000330344774,9.759999781847,0.12818546200999575,0.6665223233060996,0.15177870672423768
2021-12-19 21:25:30.099264,251,v6,0.2199999950826168,0.19999999552965164,0.13916000371682458,0.6955000330344774,9.999999776482582,0.13484416478818284,0.665207164241828,0.15177870672423768
2021-12-19 21:25:30.099264,251,v6,0.03999999910593033,0.19999999552965164,0.13916000371682458,0.7587500360386912,5.359999880194664,0.1506197823729126,0.7430307308320915,0.030341908077439163
2021-12-19 21:25:30.099264,251,v6,0.2199999950826168,0.2199999950826168,0.13916000371682458,0.6955000330344774,8.639999806880951,0.14812045291775813,0.6623774238027101,0.15177870672423768
2021-12-19 21:25:30.099264,251,v6,0.03999999910593033,0.20999999530613422,0.13916000371682458,0.7587500360386912,6.11999986320734,0.1580424347513016,0.7414874069199126,0.030341908077439163
2021-12-19 21:25:30.099264,251,v6,0.24999999441206455,0.2299999948590994,0.13916000371682458,0.6955000330344774,6.6399998515844345,0.1536291760950272,0.6561329696054259,0.17206945806879095
2021-12-19 21:25:30.099264,251,v6,0.03999999910593033,0.2199999950826168,0.13916000371682458,0.7587500360386912,6.239999860525131,0.16544928301862355,0.7398699348882605,0.030341908077439163
2021-12-19 21:25:30.099264,251,v6,0.03999999910593033,0.2299999948590994,0.13916000371682458,0.7587500360386912,5.519999876618385,0.1728395864962572,0.7381784764829833,0.030341908077439163
2021-12-19 21:25:30.099264,251,v6,0.2199999950826168,0.3399999924004078,0.27832000743364915,1.5175000720773824,5.999999865889549,0.4938691783433753,1.3961484395374801,0.3311634614723662
2021-12-19 21:25:30.186963,252,v6,0.3199999928474426,0.09999999776482582,0.13916000371682458,0.6322500300302636,5.999999865889549,0.05991543528011633,0.5971558523385948,0.1988847131034204
2021-12-19 21:25:30.186963,252,v6,0.3199999928474426,0.1099999975413084,0.13916000371682458,0.5690000270260498,7.1199998408555984,0.05929290342174772,0.5368505779388278,0.17898837762885916
2021-12-19 21:25:30.186963,252,v6,0.3199999928474426,0.11999999731779099,0.13916000371682458,0.505750024021836,5.239999882876873,0.057470936791305126,0.47662343663063045,0.15909204215429795
2021-12-19 21:25:30.186963,252,v6,0.2199999950826168,0.25999999418854713,0.13916000371682458,0.7587500360386912,5.879999868571758,0.190358433470435,0.7155752751750212,0.1655817307361831
2021-12-19 21:25:30.186963,252,v6,0.2799999937415123,0.3899999912828207,0.13916000371682458,1.4542500690731686,5.519999876618385,0.5313569977461433,1.2926667248870358,0.4018902122661668
2021-12-19 21:25:30.293741,253,v6,-0.009999999776482582,0.2299999948590994,0.13916000371682458,0.7587500360386912,9.239999793469906,0.17296930157533613,0.7387324750280644,-0.007587373733094494
2021-12-19 21:25:30.293741,253,v6,0.3199999928474426,0.25999999418854713,0.27832000743364915,0.6955000330344774,6.11999986320734,0.1697228455221094,0.6380041570726293,0.21878104857798164
2021-12-19 21:25:30.397352,254,v6,0.3199999928474426,0.6199999861419201,0.06972000186215155,0.505750024021836,5.239999882876873,0.27894093539490533,0.39072338486745073,0.15909204215429795
2021-12-19 21:25:30.592795,256,v6,0.3199999928474426,0.11999999731779099,-0.13916000371682458,0.4425000210176222,5.759999871253967,0.050283518596445906,0.4170160567653069,0.1391957066797367
2021-12-19 21:25:30.592795,256,v6,0.3199999928474426,0.12999999709427357,-0.13916000371682458,0.4425000210176222,6.7599998489022255,0.05445109541369863,0.41649237934297556,0.1391957066797367
2021-12-19 21:25:30.592795,256,v6,0.3199999928474426,0.14999999664723873,-0.13916000371682458,0.4425000210176222,6.9999998435378075,0.06276949764674919,0.41532013436348053,0.1391957066797367
2021-12-19 21:25:30.592795,256,v6,0.3199999928474426,0.1599999964237213,-0.13916000371682458,0.4425000210176222,6.5199998542666435,0.0669194912292929,0.4146716840298327,0.1391957066797367
2021-12-19 21:25:30.592795,256,v6,0.3199999928474426,0.1599999964237213,-0.13916000371682458,0.505750024021836,8.759999804198742,0.07648481963664382,0.4739439642894641,0.15909204215429795
2021-12-19 21:25:30.592795,256,v6,0.3199999928474426,0.2199999950826168,-0.13916000371682458,0.5690000270260498,7.759999826550484,0.1178690858752149,0.5270968317343364,0.17898837762885916
2021-12-19 21:25:30.592795,256,v6,0.3199999928474426,0.30999999307096004,0.13916000371682458,0.6322500300302636,6.5199998542666435,0.18308219446135882,0.5715469197172289,0.1988847131034204
2021-12-19 21:25:30.592795,256,v6,0.11999999731779099,0.6599999852478504,0.06972000186215155,0.505750024021836,4.999999888241291,0.3078539308897603,0.39666536723512086,0.060544450365305987
2021-12-19 21:25:30.699533,257,v6,0.3199999928474426,-0.009999999776482582,-0.13916000371682458,0.6322500300302636,5.239999882876873,-0.00600144107078424,0.6001241155562016,0.1988847131034204
2021-12-19 21:25:30.699533,257,v6,0.14999999664723873,0.7699999827891588,0.06972000186215155,0.6322500300302636,5.239999882876873,0.43518931542548955,0.44880225316571154,0.09448226164811908
2021-12-19 21:25:30.788882,258,v6,-0.18999999575316906,0.2299999948590994,-0.13916000371682458,0.822000039042905,5.999999865889549,0.18402516740872354,0.7859508372246606,-0.15524201561620948
2021-12-19 21:25:30.788882,258,v6,0.19999999552965164,0.24999999441206455,-0.13916000371682458,0.6955000330344774,5.239999882876873,0.16863952507329552,0.6604459158058217,0.13817452308375072
2021-12-19 21:25:30.788882,258,v6,0.19999999552965164,0.24999999441206455,-0.13916000371682458,0.7587500360386912,5.359999880194664,0.18397590172446146,0.7205080353956393,0.1507403585762701
2021-12-19 21:25:30.788882,258,v6,-0.2199999950826168,0.24999999441206455,-0.13916000371682458,0.822000039042905,6.359999857842922,0.19846441917559157,0.777249669200178,-0.17938475474812848
2021-12-19 21:25:30.788882,258,v6,-0.2899999935179949,0.25999999418854713,-0.20888000557897612,0.822000039042905,5.999999865889549,0.20249630609333116,0.7612026812416782,-0.23505273509485722
2021-12-19 21:25:30.788882,258,v6,0.3199999928474426,0.3999999910593033,-0.13916000371682458,1.5807500750815962,5.999999865889549,0.5843237531376975,1.3820556759329092,0.49725110357964697
2021-12-19 21:25:30.895057,259,v6,0.019999999552965164,0.17999999597668648,-0.13916000371682458,0.6955000330344774,6.7599998489022255,0.12449016929571008,0.6841264732394087,0.013909073035008096
2021-12-19 21:25:30.895057,259,v6,0.3199999928474426,0.3799999915063381,0.06972000186215155,1.4542500690731686,5.119999885559082,0.5120281286892824,1.281952511306675,0.45745843263052455
2021-12-19 21:25:30.895057,259,v6,0.3199999928474426,0.3899999912828207,-0.13916000371682458,1.5175000720773824,6.8799998462200165,0.5476480248760197,1.3322989660626456,0.47735476810508576
2021-12-19 21:25:30.895057,259,v6,0.29999999329447746,0.47999998927116394,-0.13916000371682458,0.6955000330344774,8.51999980956316,0.30682296107245277,0.5893518595178714,0.20553430903992295
2021-12-19 21:25:30.895057,259,v6,0.29999999329447746,0.4899999890476465,-0.13916000371682458,0.6955000330344774,8.51999980956316,0.31270104029156354,0.5862542137665321,0.20553430903992295
2021-12-19 21:25:30.895057,259,v6,0.29999999329447746,0.4999999888241291,0.06972000186215155,0.6322500300302636,6.5199998542666435,0.28957854486411067,0.5300699849252032,0.18684265548596876
2021-12-19 21:25:30.895057,259,v6,0.29999999329447746,0.4999999888241291,-0.13916000371682458,0.6955000330344774,7.759999826550484,0.31854784966862626,0.5830979430849803,0.20553430903992295
2021-12-19 21:25:31.000629,260,v6,0.3199999928474426,0.2199999950826168,-0.13916000371682458,0.6322500300302636,6.11999986320734,0.13097140517505207,0.5856888784956665,0.1988847131034204
2021-12-19 21:25:31.000629,260,v6,0.3199999928474426,0.2299999948590994,-0.13916000371682458,0.5690000270260498,5.639999873936176,0.12313407282079777,0.5258918059258926,0.17898837762885916
2021-12-19 21:25:31.000629,260,v6,0.3199999928474426,0.2299999948590994,-0.13916000371682458,0.6322500300302636,7.519999831914902,0.13682164769938385,0.5843499021030679,0.1988847131034204
2021-12-19 21:25:31.000629,260,v6,0.3199999928474426,0.23999999463558197,-0.13916000371682458,0.6322500300302636,8.239999815821648,0.14265820817357497,0.5829524912098278,0.1988847131034204
2021-12-19 21:25:31.000629,260,v6,0.3199999928474426,0.24999999441206455,-0.13916000371682458,0.6322500300302636,7.999999821186066,0.14848050294646786,0.5814967855558647,0.1988847131034204
2021-12-19 21:25:31.000629,260,v6,0.14999999664723873,0.23999999463558197,-0.13916000371682458,0.6955000330344774,5.359999880194664,0.16346579110640497,0.6679797214130121,0.1039342237663374
2021-12-19 21:25:31.000629,260,v6,0.3199999928474426,0.6499999854713678,0.06972000186215155,0.505750024021836,7.1199998408555984,0.2905353645015912,0.3821805998414759,0.15909204215429795
2021-12-19 21:25:31.000629,260,v6,0.3199999928474426,0.6599999852478504,0.06972000186215155,0.5690000270260498,9.119999796152115,0.3311535898383604,0.42668664306092496,0.17898837762885916
2021-12-19 21:25:31.000629,260,v6,0.3199999928474426,0.6599999852478504,0.06972000186215155,0.6322500300302636,8.239999815821648,0.36796459960510264,0.4741171003080314,0.1988847131034204
2021-12-19 21:25:31.089406,261,v6,0.1699999962002039,0.24999999441206455,-4.105360109650064,0.7587500360386912,6.359999857842922,0.18501176376347095,0.7245647999809568,0.1283671106101587
2021-12-19 21:25:31.194223,262,v6,0.3199999928474426,0.6299999859184027,-0.06972000186215155,0.5690000270260498,6.6399998515844345,0.318205902903343,0.43642776582946974,0.17898837762885916
2021-12-19 21:25:31.194223,262,v6,0.3199999928474426,0.6499999854713678,-0.06972000186215155,0.505750024021836,6.239999860525131,0.2905353645015912,0.3821805998414759,0.15909204215429795
2021-12-19 21:25:31.299939,263,v6,-0.08999999798834324,0.2199999950826168,-0.06972000186215155,0.822000039042905,7.35999983549118,0.17865873678451852,0.7989410745110419,-0.07388016930299529
2021-12-19 21:25:31.299939,263,v6,-0.08999999798834324,0.2299999948590994,-0.06972000186215155,0.822000039042905,8.639999806880951,0.18663908133288162,0.7971145702403865,-0.07388016930299529
2021-12-19 21:25:31.299939,263,v6,-0.05999999865889549,0.23999999463558197,0.13916000371682458,0.7587500360386912,6.6399998515844345,0.18003232743967182,0.7356765174813152,-0.04549769106157087
2021-12-19 21:25:31.299939,263,v6,-0.08999999798834324,0.23999999463558197,-0.06972000186215155,0.822000039042905,9.119999796152115,0.19460076212947786,0.7952083551805303,-0.07388016930299529
2021-12-19 21:25:31.299939,263,v6,-0.1099999975413084,0.24999999441206455,-0.06972000186215155,0.822000039042905,8.239999815821648,0.20213693522713208,0.7916324079200426,-0.09023776556539187
2021-12-19 21:25:31.299939,263,v6,-0.1099999975413084,0.25999999418854713,-0.06972000186215155,0.822000039042905,6.6399998515844345,0.21004302042923664,0.78957149101349,-0.09023776556539187
2021-12-19 21:25:31.299939,263,v6,0.3199999928474426,0.3799999915063381,0.13916000371682458,0.9485000450513326,4.999999888241291,0.3339581777973418,0.8361230579160264,0.2983663904762266
2021-12-19 21:25:31.389640,264,v6,-0.18999999575316906,0.4599999897181988,0.13916000371682458,0.6955000330344774,6.6399998515844345,0.3032094380602157,0.611989502841994,-0.13135136479449355
2021-12-19 21:25:31.389640,264,v6,-0.08999999798834324,0.46999998949468136,0.13916000371682458,0.6322500300302636,5.239999882876873,0.28517847791012124,0.561412659654219,-0.05682571416279656
2021-12-19 21:25:31.495593,265,v6,-0.08999999798834324,0.2299999948590994,0.13916000371682458,0.822000039042905,6.239999860525131,0.18663908133288162,0.7971145702403865,-0.07388016930299529
2021-12-19 21:25:31.495593,265,v6,-0.08999999798834324,0.23999999463558197,0.13916000371682458,0.822000039042905,6.7599998489022255,0.19460076212947786,0.7952083551805303,-0.07388016930299529
2021-12-19 21:25:31.495593,265,v6,-0.08999999798834324,0.24999999441206455,0.13916000371682458,0.822000039042905,6.5199998542666435,0.2025429830128978,0.7932226199513822,-0.07388016930299529
2021-12-19 21:25:31.495593,265,v6,0.019999999552965164,0.25999999418854713,0.13916000371682458,0.7587500360386912,6.359999857842922,0.19502086307915592,0.7331017870790121,0.015173988735172384
2021-12-19 21:25:31.495593,265,v6,-0.08999999798834324,0.25999999418854713,0.13916000371682458,0.822000039042905,5.639999873936176,0.21046494976770713,0.7911575631248017,-0.07388016930299529
2021-12-19 21:25:31.495593,265,v6,0.1699999962002039,0.3399999924004078,-0.06972000186215155,1.5175000720773824,8.239999815821648,0.4987716067272167,1.4100074087507513,0.2567342212203174
2021-12-19 21:25:31.495593,265,v6,0.08999999798834324,0.3499999921768904,-0.06972000186215155,1.4542500690731686,7.639999829232693,0.496640942866274,1.360553934724986,0.13070588346579184
2021-12-19 21:25:31.495593,265,v6,0.1699999962002039,0.3499999921768904,-0.06972000186215155,1.5175000720773824,11.119999751448631,0.5128465071281182,1.4049492761433584,0.2567342212203174
2021-12-19 21:25:31.495593,265,v6,0.06999999843537807,0.35999999195337296,-0.06972000186215155,1.4542500690731686,9.759999781847,0.5110402072999984,1.3576948674626563,0.10171438830200191
2021-12-19 21:25:31.495593,265,v6,0.1699999962002039,0.35999999195337296,-0.06972000186215155,1.5175000720773824,13.759999692440033,0.5268701233079701,1.3997506497854189,0.2567342212203174
2021-12-19 21:25:31.495593,265,v6,0.19999999552965164,0.35999999195337296,-0.06972000186215155,1.5807500750815962,12.879999712109566,0.5457574334840575,1.4499290970385827,0.3140465526450596
2021-12-19 21:25:31.495593,265,v6,0.24999999441206455,0.36999999172985554,-0.06972000186215155,1.64400007808581,5.639999873936176,0.5760143522522807,1.4850968674695022,0.406732119432196
2021-12-19 21:25:31.495593,265,v6,0.06999999843537807,0.36999999172985554,-0.06972000186215155,1.4542500690731686,10.87999975681305,0.5245913775935351,1.3525166665021846,0.10171438830200191
2021-12-19 21:25:31.495593,265,v6,0.14999999664723873,0.36999999172985554,-0.06972000186215155,1.5175000720773824,14.6399996727705,0.5425895455788348,1.398920063901303,0.22677237176911144
2021-12-19 21:25:31.495593,265,v6,0.03999999910593033,0.3799999915063381,-0.06972000186215155,1.4542500690731686,10.239999771118164,0.5389796354616686,1.349430350617581,0.05815449070394189
2021-12-19 21:25:31.495593,265,v6,0.14999999664723873,0.3799999915063381,-0.06972000186215155,1.5175000720773824,13.35999970138073,0.5565513835030143,1.393424313580739,0.22677237176911144
2021-12-19 21:25:31.599522,266,v6,-0.13999999687075615,0.2199999950826168,0.06972000186215155,0.822000039042905,5.639999873936176,0.1776296537066086,0.7943391347748502,-0.11470444313865918
2021-12-19 21:25:31.599522,266,v6,-0.009999999776482582,0.23999999463558197,0.13916000371682458,0.7587500360386912,6.5199998542666435,0.18034785464642006,0.7369658745647476,-0.007587373733094494
2021-12-19 21:25:31.989947,270,v6,0.019999999552965164,0.20999999530613422,0.06972000186215155,0.7587500360386912,5.639999873936176,0.15813732030287359,0.7419325812915931,0.015173988735172384
2021-12-19 21:25:31.989947,270,v6,0.019999999552965164,0.2199999950826168,0.06972000186215155,0.7587500360386912,5.879999868571758,0.16554861549537966,0.7403141381617285,0.015173988735172384
2021-12-19 21:25:31.989947,270,v6,0.03999999910593033,0.2299999948590994,0.06972000186215155,0.7587500360386912,5.519999876618385,0.1728395864962572,0.7381784764829833,0.030341908077439163
2021-12-19 21:25:31.989947,270,v6,0.3199999928474426,0.2799999937415123,-0.20888000557897612,0.5690000270260498,5.639999873936176,0.14926382229957982,0.519080439606381,0.17898837762885916
2021-12-19 21:25:31.989947,270,v6,0.3199999928474426,0.2899999935179949,-0.20888000557897612,0.5690000270260498,5.639999873936176,0.15444707693806356,0.5175618724893886,0.17898837762885916
2021-12-19 21:25:31.989947,270,v6,0.14999999664723873,0.35999999195337296,0.06972000186215155,1.5175000720773824,7.35999983549118,0.5285734491546794,1.4042759233874937,0.22677237176911144
2021-12-19 21:25:31.989947,270,v6,-0.08999999798834324,0.3799999915063381,0.06972000186215155,1.4542500690731686,4.999999888241291,0.53722796612574,1.3450447382296038,-0.13070588346579184
2021-12-19 21:25:32.199784,272,v6,0.2199999950826168,0.549999987706542,0.06972000186215155,0.4425000210176222,5.879999868571758,0.22571444802189672,0.3681496248228814,0.09656661067645603
2021-12-19 21:25:32.199784,272,v6,0.19999999552965164,0.5599999874830246,0.06972000186215155,0.505750024021836,10.87999975681305,0.26329236465947453,0.4199578391267734,0.10047701660619256
2021-12-19 21:25:32.199784,272,v6,0.1699999962002039,0.5699999872595072,0.06972000186215155,0.505750024021836,11.639999739825726,0.26898472656921085,0.4196535592804191,0.08556397521065934
2021-12-19 21:25:32.199784,272,v6,0.1699999962002039,0.5799999870359898,0.06972000186215155,0.505750024021836,11.119999751448631,0.273167743002659,0.4169427744032394,0.08556397521065934
2021-12-19 21:25:32.199784,272,v6,0.14999999664723873,0.5799999870359898,0.06972000186215155,0.5690000270260498,6.239999860525131,0.30832416314960737,0.47060289983763925,0.08503029952990077
2021-12-19 21:25:32.199784,272,v6,0.1699999962002039,0.5899999868124723,-0.13916000371682458,0.505750024021836,9.359999790787697,0.2773234428906671,0.41419029559793435,0.08556397521065934
2021-12-19 21:25:32.199784,272,v6,0.14999999664723873,0.5999999865889549,4.035640107787913,0.505750024021836,7.35999983549118,0.28236131889870636,0.4127264073232492,0.07557833741168245
2021-12-19 21:25:32.499671,275,v6,0.29999999329447746,0.6399999856948853,0.13916000371682458,0.505750024021836,5.879999868571758,0.2885418118247338,0.3875417562139507,0.14945934837806044
2021-12-19 21:25:32.499671,275,v6,0.24999999441206455,0.6299999859184027,-0.06972000186215155,0.5690000270260498,5.879999868571758,0.32480209421246614,0.4454746157142716,0.1407728564214839
2021-12-19 21:25:32.589594,276,v6,0.19999999552965164,0.24999999441206455,0.13916000371682458,0.5690000270260498,5.119999885559082,0.13796677177096356,0.5403216766261862,0.11304285209871194
2021-12-19 21:25:32.589594,276,v6,0.3199999928474426,0.5699999872595072,-0.06972000186215155,0.505750024021836,8.359999813139439,0.2590643021218767,0.4041763183158654,0.15909204215429795
2021-12-19 21:25:32.589594,276,v6,0.3199999928474426,0.5799999870359898,0.06972000186215155,0.5690000270260498,7.1199998408555984,0.29599593170602434,0.45178601111911026,0.17898837762885916
2021-12-19 21:25:32.693801,277,v6,0.3199999928474426,0.6199999861419201,0.06972000186215155,1.327750063064741,5.239999882876873,0.7323061334069907,1.0257695981369406,0.41766576168140207
2021-12-19 21:25:32.693801,277,v6,0.3199999928474426,0.6199999861419201,0.20888000557897612,1.3910000660689548,5.239999882876873,0.7671909859304268,1.0746341638173484,0.4375620971559633
2021-12-19 21:25:32.890212,279,v6,0.19999999552965164,0.20999999530613422,0.13916000371682458,0.7587500360386912,7.35999983549118,0.15501610466478688,0.7272887794951661,0.1507403585762701
2021-12-19 21:25:32.890212,279,v6,0.19999999552965164,0.2199999950826168,0.13916000371682458,0.822000039042905,9.359999790787697,0.1758090028622041,0.7861973961276529,0.1633061940687895
2021-12-19 21:25:32.890212,279,v6,0.19999999552965164,0.2299999948590994,0.13916000371682458,0.822000039042905,11.639999739825726,0.18366205523901977,0.7844000258992113,0.1633061940687895
2021-12-19 21:25:32.890212,279,v6,0.19999999552965164,0.24999999441206455,0.13916000371682458,0.822000039042905,13.759999692440033,0.19931227837562746,0.7805701549854571,0.1633061940687895
2021-12-19 21:25:32.890212,279,v6,0.19999999552965164,0.25999999418854713,0.13916000371682458,0.822000039042905,14.759999670088291,0.20710788412621756,0.7785380372840272,0.1633061940687895
2021-12-19 21:25:32.890212,279,v6,0.19999999552965164,0.2699999939650297,0.13916000371682458,0.822000039042905,14.119999684393406,0.21488277926191024,0.7764280664311287,0.1633061940687895
2021-12-19 21:25:32.890212,279,v6,0.3199999928474426,0.3799999915063381,0.20888000557897612,0.6322500300302636,7.759999826550484,0.2226094442934838,0.557341911826471,0.1988847131034204
2021-12-19 21:25:32.890212,279,v6,0.3199999928474426,0.3899999912828207,4.313960115221562,0.6955000330344774,9.879999779164791,0.2509978262281856,0.6106187353519408,0.21878104857798164
2021-12-19 21:25:32.995832,280,v6,0.3199999928474426,0.11999999731779099,0.13916000371682458,0.5690000270260498,7.639999829232693,0.06465835498616433,0.5362308164959538,0.17898837762885916
2021-12-19 21:25:32.995832,280,v6,0.3199999928474426,0.12999999709427357,0.13916000371682458,0.505750024021836,6.11999986320734,0.0622342180914759,0.47602490588183033,0.15909204215429795
2021-12-19 21:25:32.995832,280,v6,0.3199999928474426,0.14999999664723873,0.13916000371682458,0.505750024021836,5.879999868571758,0.07174163488100205,0.4746851027216504,0.15909204215429795
2021-12-19 21:25:32.995832,280,v6,-0.2199999950826168,0.19999999552965164,0.13916000371682458,0.822000039042905,6.9999998435378075,0.15937009842686745,0.786197396127653,-0.17938475474812848
2021-12-19 21:25:32.995832,280,v6,-0.2199999950826168,0.20999999530613422,0.13916000371682458,0.822000039042905,7.759999826550484,0.1672239727420186,0.7845644122000868,-0.17938475474812848
2021-12-19 21:25:32.995832,280,v6,-0.2199999950826168,0.2299999948590994,0.13916000371682458,0.822000039042905,7.519999831914902,0.18288077089215965,0.7810632481357579,-0.17938475474812848
2021-12-19 21:25:32.995832,280,v6,-0.2199999950826168,0.23999999463558197,0.13916000371682458,0.822000039042905,6.5199998542666435,0.19068212906045182,0.7791954181124683,-0.17938475474812848
2021-12-19 21:25:32.995832,280,v6,-0.18999999575316906,0.24999999441206455,0.06972000186215155,0.822000039042905,5.239999882876873,0.19970633208343003,0.7821133943999019,-0.15524201561620948
2021-12-19 21:25:32.995832,280,v6,-0.3399999924004078,0.3799999915063381,-2.5048800669028424,0.6955000330344774,5.639999873936176,0.24320731767511747,0.6089123120245156,-0.23194027861756275
2021-12-19 21:25:32.995832,280,v6,0.3199999928474426,0.3899999912828207,0.06972000186215155,1.5175000720773824,6.11999986320734,0.5476480248760197,1.3322989660626456,0.47735476810508576
2021-12-19 21:25:32.995832,280,v6,-0.029999999329447746,0.3799999915063381,-0.06972000186215155,1.5807500750815962,5.879999868571758,0.5860687175588813,1.4673261529520665,-0.047415388137706474
2021-12-19 21:25:32.995832,280,v6,0.29999999329447746,0.7499999832361937,-0.06972000186215155,0.505750024021836,6.359999857842922,0.3293415680100839,0.3535238627888541,0.14945934837806044
2021-12-19 21:25:32.995832,280,v6,0.2199999950826168,0.7599999830126762,-0.06972000186215155,0.5690000270260498,5.759999871253967,0.38254820328375305,0.4024910604613535,0.12417265870034686
2021-12-19 21:25:33.099619,281,v6,0.3199999928474426,0.7699999827891588,-0.06972000186215155,0.505750024021836,5.519999876618385,0.33419770116372927,0.34465157109483996,0.15909204215429795
2021-12-19 21:25:33.099619,281,v6,0.3199999928474426,0.789999982342124,-0.06972000186215155,0.5690000270260498,5.879999868571758,0.3836724366864202,0.38015740523701375,0.17898837762885916
2021-12-19 21:25:33.189848,282,v6,0.3199999928474426,0.09999999776482582,-0.13916000371682458,0.6322500300302636,7.239999838173389,0.05991543528011633,0.5971558523385948,0.1988847131034204
2021-12-19 21:25:33.189848,282,v6,0.3199999928474426,0.1099999975413084,-0.13916000371682458,0.4425000210176222,6.359999857842922,0.046110913469461105,0.417498032931338,0.1391957066797367
2021-12-19 21:25:33.189848,282,v6,0.3199999928474426,0.1099999975413084,-0.13916000371682458,0.505750024021836,8.119999818503857,0.05270190844560442,0.477174305435083,0.15909204215429795
2021-12-19 21:25:33.189848,282,v6,0.3199999928474426,0.1099999975413084,-0.13916000371682458,0.5690000270260498,8.239999815821648,0.05929290342174772,0.5368505779388278,0.17898837762885916
2021-12-19 21:25:33.294195,283,v6,0.3199999928474426,0.1699999962002039,-0.13916000371682458,0.505750024021836,5.359999880194664,0.08122035597440094,0.47315543185791953,0.15909204215429795
2021-12-19 21:25:33.294195,283,v6,0.3199999928474426,0.17999999597668648,-0.13916000371682458,0.4425000210176222,5.239999882876873,0.07519898838850944,0.4132504518907022,0.1391957066797367
2021-12-19 21:25:33.294195,283,v6,0.3199999928474426,0.18999999575316906,-0.20888000557897612,0.5690000270260498,5.879999868571758,0.10200551599716895,0.5303951980698783,0.17898837762885916
2021-12-19 21:25:33.399639,284,v6,0.11999999731779099,0.18999999575316906,-0.13916000371682458,0.7587500360386912,7.1199998408555984,0.14226619157116072,0.73973749477555,0.09083163957424797
2021-12-19 21:25:33.399639,284,v6,0.14999999664723873,0.19999999552965164,-0.13916000371682458,0.822000039042905,6.6399998515844345,0.16147244162485086,0.7965685809630549,0.12283814800277404
2021-12-19 21:25:33.399639,284,v6,0.03999999910593033,0.42999999038875103,-0.06972000186215155,0.505750024021836,7.519999831914902,0.21066377048818347,0.4593417332475504,0.020224606273693387
2021-12-19 21:25:33.399639,284,v6,-0.029999999329447746,0.42999999038875103,-0.06972000186215155,0.5690000270260498,10.87999975681305,0.237092761115858,0.516968815183693,-0.017067440044507345
2021-12-19 21:25:33.399639,284,v6,0.03999999910593033,0.4399999901652336,-0.06972000186215155,0.505750024021836,7.759999826550484,0.2152465780611432,0.4572121638059622,0.020224606273693387
2021-12-19 21:25:33.399639,284,v6,0.019999999552965164,0.4599999897181988,-0.13916000371682458,0.505750024021836,7.35999983549118,0.22448185724938005,0.4530879417672103,0.010114325934515233
2021-12-19 21:25:33.399639,284,v6,-0.13999999687075615,0.4599999897181988,-0.20888000557897612,0.6322500300302636,12.11999972909689,0.2779399634328314,0.5609862975551583,-0.08822613646522781
2021-12-19 21:25:33.399639,284,v6,-0.1099999975413084,0.46999998949468136,-0.20888000557897612,0.6322500300302636,11.759999737143517,0.2846067667218049,0.5602871683438687,-0.06940733245586254
2021-12-19 21:25:33.399639,284,v6,-0.1099999975413084,0.47999998927116394,-0.20888000557897612,0.6322500300302636,10.519999764859676,0.2901953146801739,0.5574131340507733,-0.06940733245586254
2021-12-19 21:25:33.399639,284,v6,-0.2699999939650297,0.4999999888241291,-0.13916000371682458,0.6955000330344774,5.519999876618385,0.32136022226839983,0.5882459567344915,-0.18551171898315882
2021-12-19 21:25:33.489581,285,v6,0.3199999928474426,0.29999999329447746,-0.06972000186215155,1.5175000720773824,5.239999882876873,0.42568645170447017,1.376128605529824,0.47735476810508576
2021-12-19 21:25:33.489581,285,v6,0.29999999329447746,0.30999999307096004,-0.06972000186215155,1.5807500750815962,6.6399998515844345,0.46068374992018984,1.4381648581683302,0.4671435787417084
2021-12-19 21:25:33.895184,289,v6,0.3199999928474426,0.47999998927116394,-0.06972000186215155,0.6322500300302636,9.999999776482582,0.2771386704104964,0.5323336629691396,0.1988847131034204
2021-12-19 21:25:33.895184,289,v6,0.3199999928474426,0.4899999890476465,-0.06972000186215155,0.6322500300302636,10.87999975681305,0.28244806138194734,0.5295357060563708,0.1988847131034204
2021-12-19 21:25:33.895184,289,v6,0.3199999928474426,0.5099999886006117,-0.06972000186215155,0.6322500300302636,11.119999751448631,0.29298158150612463,0.5237812179385678,0.1988847131034204
2021-12-19 21:25:33.895184,289,v6,0.3199999928474426,0.5399999879300594,-0.06972000186215155,1.3910000660689548,8.639999806880951,0.6788582255302373,1.1325069997868662,0.4375620971559633
2021-12-19 21:25:33.895184,289,v6,0.3199999928474426,0.5599999874830246,0.13916000371682458,0.505750024021836,8.879999801516533,0.255009653284853,0.40674670945540775,0.15909204215429795
2021-12-19 21:25:33.895184,289,v6,0.3199999928474426,0.5599999874830246,0.13916000371682458,0.5690000270260498,13.759999692440033,0.2869016168444514,0.45761518078126934,0.17898837762885916
2021-12-19 21:25:33.895184,289,v6,0.3199999928474426,0.5599999874830246,0.13916000371682458,1.3910000660689548,8.359999813139439,0.701371087927297,1.1187042468659856,0.4375620971559633
2021-12-19 21:25:33.895184,289,v6,0.3199999928474426,0.5699999872595072,0.13916000371682458,1.327750063064741,5.359999880194664,0.6801238302369189,1.0610877046839156,0.41766576168140207
2021-12-19 21:25:33.999497,290,v6,0.03999999910593033,0.6499999854713678,-0.06972000186215155,0.6322500300302636,4.999999888241291,0.3823230534204745,0.5029214055924726,0.025283257175566277
2021-12-19 21:25:33.999497,290,v6,0.14999999664723873,0.6799999848008156,0.13916000371682458,0.5690000270260498,5.879999868571758,0.3537657209865941,0.43747079167909725,0.08503029952990077
2021-12-19 21:25:34.090415,291,v6,0.19999999552965164,0.1599999964237213,0.13916000371682458,0.7587500360386912,11.879999734461308,0.11847308670076663,0.734127433905453,0.1507403585762701
2021-12-19 21:25:34.090415,291,v6,0.19999999552965164,0.1699999962002039,0.13916000371682458,0.7587500360386912,14.51999967545271,0.12580831491707192,0.7329060167461715,0.1507403585762701
2021-12-19 21:25:34.090415,291,v6,0.19999999552965164,0.1699999962002039,0.13916000371682458,0.822000039042905,7.239999838173389,0.1362957955345412,0.7940016418653746,0.1633061940687895
2021-12-19 21:25:34.090415,291,v6,0.1699999962002039,0.17999999597668648,0.13916000371682458,0.6955000330344774,11.519999742507935,0.12272015778020914,0.6743995065034536,0.11766632676028387
2021-12-19 21:25:34.090415,291,v6,0.19999999552965164,0.17999999597668648,0.13916000371682458,0.7587500360386912,15.639999650418758,0.13313096240728783,0.7316113095992447,0.1507403585762701
2021-12-19 21:25:34.090415,291,v6,0.3199999928474426,0.19999999552965164,0.13916000371682458,0.5690000270260498,8.239999815821648,0.1073042792274937,0.5293486403958192,0.17898837762885916
2021-12-19 21:25:34.090415,291,v6,0.1699999962002039,0.18999999575316906,0.13916000371682458,0.6955000330344774,12.11999972909689,0.12945790433867393,0.6731386057135187,0.11766632676028387
2021-12-19 21:25:34.090415,291,v6,0.19999999552965164,0.18999999575316906,0.13916000371682458,0.7587500360386912,14.359999679028988,0.14044029691280024,0.7302434419343026,0.1507403585762701
2021-12-19 21:25:34.090415,291,v6,0.24999999441206455,0.20999999530613422,0.13916000371682458,0.6322500300302636,10.119999773800373,0.12770147048016073,0.5991367594102083,0.15642115724513744
2021-12-19 21:25:34.090415,291,v6,0.19999999552965164,0.19999999552965164,0.13916000371682458,0.7587500360386912,11.519999742507935,0.14773558750628238,0.7288025505369655,0.1507403585762701
2021-12-19 21:25:34.090415,291,v6,0.19999999552965164,0.3899999912828207,-0.06972000186215155,1.5807500750815962,15.519999653100967,0.589003208620737,1.4329064110669272,0.3140465526450596
2021-12-19 21:25:34.090415,291,v6,0.1699999962002039,0.3999999910593033,-0.06972000186215155,1.5175000720773824,9.879999779164791,0.5824237786863975,1.3775618136511756,0.2567342212203174
2021-12-19 21:25:34.090415,291,v6,0.3199999928474426,0.40999999083578587,-0.06972000186215155,1.64400007808581,6.6399998515844345,0.6220470253179953,1.431206582334939,0.5171474390542082
2021-12-19 21:25:34.194255,292,v6,0.3199999928474426,0.17999999597668648,0.06972000186215155,0.5690000270260498,6.9999998435378075,0.09669655230070479,0.5313887166684962,0.17898837762885916
2021-12-19 21:25:34.194255,292,v6,0.3199999928474426,0.19999999552965164,0.06972000186215155,0.6322500300302636,8.119999818503857,0.11923221536306311,0.5881909980496604,0.1988847131034204
2021-12-19 21:25:34.194255,292,v6,0.11999999731779099,0.2199999950826168,0.13916000371682458,0.6955000330344774,6.6399998515844345,0.15068721082328954,0.6738556663782654,0.08325984227201248
2021-12-19 21:25:34.389720,294,v6,0.06999999843537807,0.1599999964237213,-4.035640107787913,0.7587500360386912,8.119999818503857,0.12058665066166235,0.7472242926960613,0.05306913675375207
2021-12-19 21:25:34.389720,294,v6,0.06999999843537807,0.1699999962002039,-4.035640107787913,0.7587500360386912,12.11999972909689,0.12805273960283495,0.7459810854124488,0.05306913675375207
2021-12-19 21:25:34.389720,294,v6,0.06999999843537807,0.17999999597668648,-4.035640107787913,0.7587500360386912,18.759999580681324,0.13550602337732998,0.7446632806452788,0.05306913675375207
2021-12-19 21:25:34.389720,294,v6,0.3199999928474426,0.19999999552965164,4.453120118938386,0.6955000330344774,10.519999764859676,0.1311601514986325,0.6470333557035014,0.21878104857798164
2021-12-19 21:25:34.389720,294,v6,0.08999999798834324,0.18999999575316906,-4.035640107787913,0.7587500360386912,28.359999366104603,0.14271673026750165,0.7420801480992244,0.06819535092292905
2021-12-19 21:25:34.389720,294,v6,0.3199999928474426,0.20999999530613422,4.453120118938386,0.6955000330344774,9.63999978452921,0.1376238191200662,0.6456894246810034,0.21878104857798164
2021-12-19 21:25:34.389720,294,v6,0.08999999798834324,0.19999999552965164,-4.035640107787913,0.7587500360386912,34.639999225735664,0.1501302721264988,0.7406159009179031,0.06819535092292905
2021-12-19 21:25:34.389720,294,v6,0.08999999798834324,0.20999999530613422,-4.035640107787913,0.7587500360386912,29.23999934643507,0.15752880108406256,0.7390775927669785,0.06819535092292905
2021-12-19 21:25:34.389720,294,v6,0.06999999843537807,0.20999999530613422,-0.06972000186215155,0.822000039042905,5.519999876618385,0.17093439605198013,0.801972598571095,0.0574930219592543
2021-12-19 21:25:34.389720,294,v6,0.08999999798834324,0.2199999950826168,-4.035640107787913,0.7587500360386912,19.759999558329582,0.16491157729349565,0.737465377475977,0.06819535092292905
2021-12-19 21:25:34.389720,294,v6,0.11999999731779099,0.2299999948590994,-4.035640107787913,0.7587500360386912,12.759999714791775,0.17173400302535655,0.7334566535561974,0.09083163957424797
2021-12-19 21:25:34.389720,294,v6,0.11999999731779099,0.23999999463558197,-4.035640107787913,0.7587500360386912,8.639999806880951,0.1790598605266102,0.7317026696610858,0.09083163957424797
2021-12-19 21:25:34.494876,295,v6,0.08999999798834324,0.17999999597668648,-0.06972000186215155,0.7587500360386912,7.639999829232693,0.13528891685504596,0.7434701878874513,0.06819535092292905
2021-12-19 21:25:34.494876,295,v6,0.08999999798834324,0.18999999575316906,-0.06972000186215155,0.7587500360386912,11.239999748766422,0.14271673026750165,0.7420801480992244,0.06819535092292905
2021-12-19 21:25:34.494876,295,v6,0.019999999552965164,0.18999999575316906,3.9662001059332397,0.822000039042905,6.11999986320734,0.1552109682494071,0.8070460841504559,0.016438904435336674
2021-12-19 21:25:34.494876,295,v6,0.08999999798834324,0.19999999552965164,-0.06972000186215155,0.7587500360386912,15.999999642372131,0.1501302721264988,0.7406159009179031,0.06819535092292905
2021-12-19 21:25:34.494876,295,v6,0.019999999552965164,0.19999999552965164,3.9662001059332397,0.822000039042905,8.239999815821648,0.16327353392012914,0.8054536484048822,0.016438904435336674
2021-12-19 21:25:34.494876,295,v6,0.08999999798834324,0.20999999530613422,-0.06972000186215155,0.7587500360386912,20.239999547600746,0.15752880108406256,0.7390775927669785,0.06819535092292905
2021-12-19 21:25:34.494876,295,v6,0.019999999552965164,0.20999999530613422,-0.06972000186215155,0.822000039042905,10.359999768435955,0.17131977237424986,0.8037806679692777,0.016438904435336674
2021-12-19 21:25:34.494876,295,v6,0.08999999798834324,0.2199999950826168,-0.06972000186215155,0.7587500360386912,20.51999954134226,0.16491157729349565,0.737465377475977,0.06819535092292905
2021-12-19 21:25:34.494876,295,v6,0.019999999552965164,0.2199999950826168,-0.06972000186215155,0.822000039042905,11.359999746084213,0.179348878994665,0.8020273101402845,0.016438904435336674
2021-12-19 21:25:34.494876,295,v6,0.08999999798834324,0.2299999948590994,-0.06972000186215155,0.7587500360386912,16.99999962002039,0.17227786248336246,0.7357794162650769,0.06819535092292905
2021-12-19 21:25:34.494876,295,v6,0.019999999552965164,0.2299999948590994,-0.06972000186215155,0.822000039042905,10.759999759495258,0.18736005087743932,0.8001937502522164,0.016438904435336674
2021-12-19 21:25:34.494876,295,v6,0.08999999798834324,0.23999999463558197,-0.13916000371682458,0.7587500360386912,12.759999714791775,0.1796269200313155,0.7340198777289871,0.06819535092292905
2021-12-19 21:25:34.494876,295,v6,0.019999999552965164,0.23999999463558197,-0.06972000186215155,0.822000039042905,9.239999793469906,0.1953524869120963,0.7982801716595261,0.016438904435336674
